{
    "C": 0.006262,
    "C++": 0.00591845,
    "Java": 0.009471,
    "Python": 0.11757183074951172,
    "JavaScript": 0.008,
    "Lua": 0.08236,
    "Rust": 0.024803,
    "Assembly": 0.004
}
